benchmark,reward,walltime,commandline
benchmark://cbench-v1/adpcm,0.9888268156424582,0.0223844051361084,opt -sroa -jump-threading -newgvn -simplifycfg -instcombine -mem2reg -gvn-hoist -loop-versioning -loop-reduce -instsimplify -gvn -early-cse-memssa input.bc -o output.bc
benchmark://cbench-v1/adpcm,0.9888268156424582,0.026072263717651367,opt -sroa -jump-threading -newgvn -simplifycfg -instcombine -mem2reg -gvn-hoist -loop-versioning -loop-reduce -instsimplify -gvn -early-cse-memssa input.bc -o output.bc
benchmark://cbench-v1/adpcm,0.9888268156424582,0.03921151161193848,opt -sroa -jump-threading -newgvn -simplifycfg -instcombine -mem2reg -gvn-hoist -loop-versioning -loop-reduce -instsimplify -gvn -early-cse-memssa input.bc -o output.bc
benchmark://cbench-v1/adpcm,0.9888268156424582,0.03296470642089844,opt -sroa -jump-threading -newgvn -simplifycfg -instcombine -mem2reg -early-cse-memssa -gvn-hoist -loop-versioning -loop-reduce -instsimplify -gvn input.bc -o output.bc
benchmark://cbench-v1/adpcm,0.9888268156424582,0.03266549110412598,opt -sroa -jump-threading -newgvn -simplifycfg -instcombine -mem2reg -gvn-hoist -loop-versioning -loop-reduce -instsimplify -gvn -early-cse-memssa input.bc -o output.bc
benchmark://cbench-v1/adpcm,0.9888268156424582,0.03148627281188965,opt -sroa -jump-threading -newgvn -simplifycfg -instcombine -mem2reg -gvn-hoist -loop-versioning -loop-reduce -instsimplify -gvn -early-cse-memssa input.bc -o output.bc
benchmark://cbench-v1/adpcm,0.9804469273743018,0.03067612648010254,opt -sroa -jump-threading -newgvn -simplifycfg -sroa -break-crit-edges -instcombine -mem2reg -gvn-hoist -loop-versioning -loop-reduce -instsimplify input.bc -o output.bc
benchmark://cbench-v1/adpcm,0.9888268156424582,0.030686378479003906,opt -sroa -jump-threading -newgvn -simplifycfg -instcombine -mem2reg -gvn -gvn-hoist -loop-versioning -loop-reduce -instsimplify -gvn input.bc -o output.bc
benchmark://cbench-v1/adpcm,0.9888268156424582,0.033744096755981445,opt -sroa -jump-threading -newgvn -simplifycfg -instcombine -mem2reg -gvn-hoist -loop-versioning -loop-reduce -instsimplify -gvn -early-cse-memssa input.bc -o output.bc
benchmark://cbench-v1/adpcm,0.9888268156424582,0.03181171417236328,opt -sroa -jump-threading -newgvn -simplifycfg -instcombine -mem2reg -gvn-hoist -loop-versioning -loop-reduce -instsimplify -gvn -early-cse-memssa input.bc -o output.bc
benchmark://cbench-v1/bitcount,0.9845132743362833,0.03529691696166992,opt -sroa -newgvn -instcombine -simplifycfg -jump-threading -loop-versioning -gvn-hoist -mem2reg -early-cse-memssa -loop-reduce -instsimplify -gvn input.bc -o output.bc
benchmark://cbench-v1/bitcount,0.9845132743362833,0.03408026695251465,opt -sroa -newgvn -instcombine -simplifycfg -jump-threading -loop-versioning -gvn-hoist -mem2reg -early-cse-memssa -loop-reduce -instsimplify -gvn input.bc -o output.bc
benchmark://cbench-v1/bitcount,0.9867256637168142,0.03479170799255371,opt -sroa -newgvn -instcombine -simplifycfg -jump-threading -loop-versioning -gvn-hoist -mem2reg -early-cse-memssa -loop-reduce -instsimplify -loop-reduce input.bc -o output.bc
benchmark://cbench-v1/bitcount,0.9845132743362833,0.03305220603942871,opt -sroa -newgvn -instcombine -simplifycfg -jump-threading -loop-versioning -gvn-hoist -mem2reg -early-cse-memssa -loop-reduce -instsimplify -gvn input.bc -o output.bc
benchmark://cbench-v1/bitcount,0.9845132743362833,0.034536123275756836,opt -sroa -newgvn -instcombine -simplifycfg -jump-threading -loop-versioning -gvn-hoist -mem2reg -early-cse-memssa -loop-reduce -instsimplify -gvn input.bc -o output.bc
benchmark://cbench-v1/bitcount,0.9867256637168142,0.03355741500854492,opt -sroa -newgvn -instcombine -reg2mem -mem2reg -simplifycfg -jump-threading -early-cse-memssa -loop-versioning -gvn-hoist -loop-reduce -instsimplify input.bc -o output.bc
benchmark://cbench-v1/bitcount,0.9845132743362833,0.03363752365112305,opt -sroa -newgvn -instcombine -simplifycfg -jump-threading -loop-versioning -gvn-hoist -mem2reg -early-cse-memssa -loop-reduce -instsimplify -gvn input.bc -o output.bc
benchmark://cbench-v1/bitcount,0.9845132743362833,0.034249305725097656,opt -sroa -newgvn -instcombine -simplifycfg -jump-threading -loop-versioning -gvn-hoist -mem2reg -early-cse-memssa -loop-reduce -instsimplify -gvn input.bc -o output.bc
benchmark://cbench-v1/bitcount,0.9845132743362833,0.03364300727844238,opt -sroa -newgvn -instcombine -simplifycfg -jump-threading -loop-versioning -gvn-hoist -mem2reg -early-cse-memssa -loop-reduce -instsimplify -gvn input.bc -o output.bc
benchmark://cbench-v1/bitcount,0.9845132743362833,0.03372621536254883,opt -sroa -newgvn -instcombine -simplifycfg -jump-threading -loop-versioning -gvn-hoist -mem2reg -early-cse-memssa -loop-reduce -instsimplify -gvn input.bc -o output.bc
benchmark://cbench-v1/blowfish,0.9664122137404579,0.04938793182373047,opt -reg2mem -sroa -newgvn -instcombine -simplifycfg -jump-threading -loop-versioning -early-cse-memssa -mem2reg -break-crit-edges -break-crit-edges -instsimplify input.bc -o output.bc
benchmark://cbench-v1/blowfish,0.9435114503816794,0.05147123336791992,opt -sroa -newgvn -instcombine -simplifycfg -jump-threading -loop-versioning -early-cse-memssa -mem2reg -break-crit-edges -instsimplify -gvn-hoist -loop-reduce input.bc -o output.bc
benchmark://cbench-v1/blowfish,0.966412213740458,0.048712730407714844,opt -sroa -newgvn -instcombine -simplifycfg -jump-threading -loop-versioning -early-cse-memssa -mem2reg -break-crit-edges -instsimplify -early-cse-memssa -gvn-hoist input.bc -o output.bc
benchmark://cbench-v1/blowfish,0.966412213740458,0.04924821853637695,opt -sroa -newgvn -instcombine -simplifycfg -instsimplify -jump-threading -loop-versioning -early-cse-memssa -mem2reg -break-crit-edges -instsimplify -gvn-hoist input.bc -o output.bc
benchmark://cbench-v1/blowfish,0.966412213740458,0.048706769943237305,opt -sroa -early-cse-memssa -instcombine -simplifycfg -newgvn -loop-versioning -jump-threading -early-cse-memssa -mem2reg -break-crit-edges -instsimplify -gvn-hoist input.bc -o output.bc
benchmark://cbench-v1/blowfish,0.9435114503816794,0.05187273025512695,opt -sroa -newgvn -instcombine -simplifycfg -jump-threading -loop-versioning -early-cse-memssa -mem2reg -break-crit-edges -instsimplify -gvn-hoist -loop-reduce input.bc -o output.bc
benchmark://cbench-v1/blowfish,0.9435114503816794,0.05116391181945801,opt -sroa -newgvn -instcombine -simplifycfg -jump-threading -loop-versioning -early-cse-memssa -mem2reg -break-crit-edges -instsimplify -gvn-hoist -loop-reduce input.bc -o output.bc
benchmark://cbench-v1/blowfish,0.9435114503816794,0.05159473419189453,opt -sroa -newgvn -instcombine -simplifycfg -jump-threading -loop-versioning -early-cse-memssa -mem2reg -break-crit-edges -instsimplify -gvn-hoist -loop-reduce input.bc -o output.bc
benchmark://cbench-v1/blowfish,0.966412213740458,0.05224895477294922,opt -sroa -newgvn -mem2reg -instcombine -simplifycfg -jump-threading -loop-versioning -early-cse-memssa -mem2reg -break-crit-edges -instsimplify -gvn-hoist input.bc -o output.bc
benchmark://cbench-v1/blowfish,0.9435114503816794,0.05255627632141113,opt -sroa -newgvn -instcombine -simplifycfg -jump-threading -loop-versioning -early-cse-memssa -mem2reg -break-crit-edges -instsimplify -gvn-hoist -loop-reduce input.bc -o output.bc
benchmark://cbench-v1/bzip2,1.0995157006717704,0.3072926998138428,opt -sroa -newgvn -jump-threading -instcombine -simplifycfg -early-cse-memssa -loop-versioning -instsimplify -mem2reg -gvn-hoist -gvn -break-crit-edges input.bc -o output.bc
benchmark://cbench-v1/bzip2,1.1117012966723951,0.34387803077697754,opt -sroa -newgvn -jump-threading -instcombine -simplifycfg -early-cse-memssa -loop-versioning -instsimplify -mem2reg -loop-reduce -gvn -gvn-hoist input.bc -o output.bc
benchmark://cbench-v1/bzip2,-0.19098578347133244,0.29751038551330566,opt -sroa -newgvn -jump-threading -instcombine -simplifycfg -early-cse-memssa -loop-versioning -instsimplify -mem2reg -gvn-hoist -gvn -reg2mem input.bc -o output.bc
benchmark://cbench-v1/bzip2,1.0995157006717704,0.29462552070617676,opt -sroa -newgvn -jump-threading -instcombine -simplifycfg -early-cse-memssa -loop-versioning -instsimplify -mem2reg -gvn-hoist -gvn -break-crit-edges input.bc -o output.bc
benchmark://cbench-v1/bzip2,1.1666927042649589,0.3040914535522461,opt -sroa -newgvn -jump-threading -instcombine -simplifycfg -early-cse-memssa -loop-versioning -instsimplify -mem2reg -gvn-hoist -jump-threading -gvn input.bc -o output.bc
benchmark://cbench-v1/bzip2,1.0999062646461493,0.30392909049987793,opt -sroa -newgvn -jump-threading -instcombine -simplifycfg -early-cse-memssa -break-crit-edges -loop-versioning -mem2reg -instsimplify -gvn -gvn-hoist input.bc -o output.bc
benchmark://cbench-v1/bzip2,1.0682705827214498,0.28433775901794434,opt -sroa -newgvn -jump-threading -instcombine -simplifycfg -loop-rotate -mem2reg -instsimplify -early-cse-memssa -loop-versioning -mem2reg -newgvn input.bc -o output.bc
benchmark://cbench-v1/bzip2,1.0995157006717704,0.29808759689331055,opt -sroa -newgvn -jump-threading -instcombine -simplifycfg -early-cse-memssa -loop-versioning -instsimplify -mem2reg -gvn-hoist -gvn -break-crit-edges input.bc -o output.bc
benchmark://cbench-v1/bzip2,1.1665364786752073,0.2967057228088379,opt -sroa -newgvn -jump-threading -instcombine -simplifycfg -jump-threading -early-cse-memssa -loop-versioning -instsimplify -mem2reg -gvn-hoist -gvn input.bc -o output.bc
benchmark://cbench-v1/bzip2,1.110217153569755,0.3535475730895996,opt -sroa -newgvn -jump-threading -instcombine -gvn -simplifycfg -early-cse-memssa -loop-reduce -loop-versioning -mem2reg -instsimplify -gvn input.bc -o output.bc
benchmark://cbench-v1/crc32,0.9921875,0.026786088943481445,opt -mem2reg -simplifycfg -newgvn -gvn -loop-versioning -gvn-hoist -early-cse-memssa -newgvn -instsimplify input.bc -o output.bc
benchmark://cbench-v1/crc32,0.9921875,0.026167631149291992,opt -mem2reg -simplifycfg -newgvn -gvn -loop-versioning -gvn-hoist -early-cse-memssa -instsimplify -sroa input.bc -o output.bc
benchmark://cbench-v1/crc32,0.9921875,0.026424884796142578,opt -mem2reg -simplifycfg -newgvn -gvn -loop-versioning -gvn-hoist -early-cse-memssa -instsimplify -sroa input.bc -o output.bc
benchmark://cbench-v1/crc32,0.9921875,0.025961637496948242,opt -mem2reg -simplifycfg -sroa -newgvn -gvn -loop-versioning -gvn-hoist -simplifycfg -early-cse-memssa -instsimplify input.bc -o output.bc
benchmark://cbench-v1/crc32,0.9921875,0.026350975036621094,opt -mem2reg -simplifycfg -newgvn -gvn -loop-versioning -gvn-hoist -early-cse-memssa -instsimplify -sroa input.bc -o output.bc
benchmark://cbench-v1/crc32,0.9921875,0.028148889541625977,opt -mem2reg -simplifycfg -newgvn -loop-reduce -gvn -loop-versioning -gvn-hoist -early-cse-memssa -instsimplify -jump-threading -sroa -instcombine input.bc -o output.bc
benchmark://cbench-v1/crc32,0.9921875,0.027820587158203125,opt -mem2reg -reg2mem -sroa -newgvn -simplifycfg -gvn -loop-versioning -gvn-hoist -early-cse-memssa -instsimplify -jump-threading input.bc -o output.bc
benchmark://cbench-v1/crc32,0.9921875,0.02562570571899414,opt -jump-threading -mem2reg -simplifycfg -gvn -newgvn -loop-versioning -gvn-hoist -early-cse-memssa -instsimplify -mem2reg -sroa input.bc -o output.bc
benchmark://cbench-v1/crc32,0.9921875,0.026064157485961914,opt -mem2reg -simplifycfg -newgvn -gvn -loop-versioning -gvn-hoist -early-cse-memssa -instsimplify -sroa input.bc -o output.bc
benchmark://cbench-v1/crc32,0.9921875,0.025066375732421875,opt -mem2reg -simplifycfg -newgvn -gvn -loop-versioning -gvn-hoist -early-cse-memssa -instsimplify -sroa input.bc -o output.bc
benchmark://cbench-v1/dijkstra,0.9387755102040817,0.031235456466674805,opt -mem2reg -newgvn -simplifycfg -instcombine -gvn-hoist -instsimplify -loop-versioning -sroa -early-cse-memssa -jump-threading -loop-reduce -gvn input.bc -o output.bc
benchmark://cbench-v1/dijkstra,0.9387755102040817,0.031308889389038086,opt -mem2reg -newgvn -simplifycfg -instcombine -gvn-hoist -instsimplify -loop-versioning -sroa -early-cse-memssa -jump-threading -loop-reduce -gvn input.bc -o output.bc
benchmark://cbench-v1/dijkstra,0.9387755102040817,0.031285762786865234,opt -mem2reg -newgvn -simplifycfg -instcombine -gvn-hoist -instsimplify -loop-versioning -sroa -early-cse-memssa -jump-threading -loop-reduce -gvn input.bc -o output.bc
benchmark://cbench-v1/dijkstra,0.979591836734694,0.030459880828857422,opt -mem2reg -newgvn -simplifycfg -instcombine -gvn-hoist -mem2reg -instsimplify -loop-versioning -sroa -early-cse-memssa -jump-threading input.bc -o output.bc
benchmark://cbench-v1/dijkstra,0.979591836734694,0.030932188034057617,opt -mem2reg -newgvn -simplifycfg -instcombine -gvn-hoist -instsimplify -loop-versioning -sroa -mem2reg -early-cse-memssa -jump-threading input.bc -o output.bc
benchmark://cbench-v1/dijkstra,0.9591836734693878,0.03221631050109863,opt -mem2reg -newgvn -instsimplify -simplifycfg -instcombine -gvn-hoist -instsimplify -loop-versioning -sroa -early-cse-memssa -jump-threading -loop-reduce input.bc -o output.bc
benchmark://cbench-v1/dijkstra,0.9387755102040817,0.03172588348388672,opt -mem2reg -newgvn -simplifycfg -instcombine -gvn-hoist -instsimplify -loop-versioning -sroa -early-cse-memssa -jump-threading -loop-reduce -gvn input.bc -o output.bc
benchmark://cbench-v1/dijkstra,0.9387755102040817,0.03390836715698242,opt -mem2reg -newgvn -simplifycfg -instcombine -gvn-hoist -instsimplify -loop-versioning -sroa -early-cse-memssa -jump-threading -loop-reduce -gvn input.bc -o output.bc
benchmark://cbench-v1/dijkstra,0.9387755102040817,0.03243279457092285,opt -mem2reg -newgvn -simplifycfg -instcombine -gvn-hoist -instsimplify -loop-versioning -sroa -early-cse-memssa -jump-threading -loop-reduce -gvn input.bc -o output.bc
benchmark://cbench-v1/dijkstra,0.979591836734694,0.031928300857543945,opt -mem2reg -instsimplify -newgvn -simplifycfg -instcombine -newgvn -gvn-hoist -instsimplify -loop-versioning -sroa -early-cse-memssa -jump-threading input.bc -o output.bc
benchmark://cbench-v1/ghostscript,0.9907553915954928,4.556202411651611,opt -sroa -jump-threading -gvn -newgvn -simplifycfg -instcombine -early-cse-memssa -loop-versioning -mem2reg -instsimplify -loop-reduce -gvn-hoist input.bc -o output.bc
benchmark://cbench-v1/ghostscript,0.9907553915954928,4.4137537479400635,opt -sroa -jump-threading -gvn -newgvn -simplifycfg -instcombine -early-cse-memssa -loop-versioning -mem2reg -instsimplify -loop-reduce -gvn-hoist input.bc -o output.bc
benchmark://cbench-v1/ghostscript,0.9907553915954928,4.433027505874634,opt -sroa -jump-threading -gvn -newgvn -simplifycfg -instcombine -early-cse-memssa -loop-versioning -mem2reg -instsimplify -loop-reduce -gvn-hoist input.bc -o output.bc
benchmark://cbench-v1/ghostscript,0.9907553915954928,4.445350170135498,opt -sroa -jump-threading -gvn -newgvn -simplifycfg -instcombine -early-cse-memssa -loop-versioning -mem2reg -instsimplify -loop-reduce -gvn-hoist input.bc -o output.bc
benchmark://cbench-v1/ghostscript,0.9907553915954928,4.414130687713623,opt -sroa -jump-threading -gvn -newgvn -simplifycfg -instcombine -early-cse-memssa -loop-versioning -mem2reg -instsimplify -loop-reduce -gvn-hoist input.bc -o output.bc
benchmark://cbench-v1/ghostscript,0.9907553915954928,4.427805423736572,opt -sroa -jump-threading -gvn -newgvn -simplifycfg -instcombine -early-cse-memssa -loop-versioning -mem2reg -instsimplify -loop-reduce -gvn-hoist input.bc -o output.bc
benchmark://cbench-v1/ghostscript,0.9907553915954928,4.433665990829468,opt -sroa -jump-threading -gvn -newgvn -simplifycfg -instcombine -early-cse-memssa -loop-versioning -mem2reg -instsimplify -loop-reduce -gvn-hoist input.bc -o output.bc
benchmark://cbench-v1/ghostscript,1.0117273212053397,4.175575256347656,opt -reg2mem -sroa -jump-threading -gvn -newgvn -simplifycfg -instcombine -jump-threading -early-cse-memssa -loop-versioning -mem2reg -instsimplify input.bc -o output.bc
benchmark://cbench-v1/ghostscript,1.0081343812013182,4.0238401889801025,opt -simplifycfg -mem2reg -jump-threading -gvn -jump-threading -newgvn -simplifycfg -instcombine -early-cse-memssa -loop-versioning -instsimplify -sroa input.bc -o output.bc
benchmark://cbench-v1/ghostscript,1.0136942591637457,4.6159327030181885,opt -sroa -jump-threading -gvn -newgvn -instcombine -simplifycfg -instcombine -early-cse-memssa -loop-versioning -mem2reg -instsimplify -gvn-hoist input.bc -o output.bc
benchmark://cbench-v1/gsm,0.9821962151394423,0.15867114067077637,opt -sroa -newgvn -simplifycfg -gvn -instcombine -jump-threading -early-cse-memssa -instsimplify -mem2reg -loop-versioning -gvn -break-crit-edges input.bc -o output.bc
benchmark://cbench-v1/gsm,0.979457171314741,0.16055512428283691,opt -sroa -newgvn -simplifycfg -instcombine -jump-threading -early-cse-memssa -instsimplify -mem2reg -loop-versioning -gvn -break-crit-edges -loop-reduce input.bc -o output.bc
benchmark://cbench-v1/gsm,0.9350099601593626,0.15503573417663574,opt -sroa -newgvn -simplifycfg -instcombine -loop-rotate -gvn -jump-threading -early-cse-memssa -instsimplify -mem2reg -loop-versioning -mem2reg input.bc -o output.bc
benchmark://cbench-v1/gsm,0.979457171314741,0.15538763999938965,opt -sroa -newgvn -simplifycfg -instcombine -jump-threading -early-cse-memssa -instsimplify -mem2reg -loop-versioning -gvn -break-crit-edges -loop-reduce input.bc -o output.bc
benchmark://cbench-v1/gsm,0.979457171314741,0.15549778938293457,opt -sroa -newgvn -simplifycfg -instcombine -jump-threading -early-cse-memssa -instsimplify -mem2reg -loop-versioning -gvn -break-crit-edges -loop-reduce input.bc -o output.bc
benchmark://cbench-v1/gsm,0.979457171314741,0.1555335521697998,opt -sroa -newgvn -simplifycfg -instcombine -jump-threading -early-cse-memssa -instsimplify -mem2reg -loop-versioning -gvn -break-crit-edges -loop-reduce input.bc -o output.bc
benchmark://cbench-v1/gsm,0.979457171314741,0.1605827808380127,opt -sroa -newgvn -simplifycfg -instcombine -jump-threading -early-cse-memssa -instsimplify -mem2reg -loop-versioning -gvn -break-crit-edges -loop-reduce input.bc -o output.bc
benchmark://cbench-v1/gsm,0.8600597609561753,0.16147255897521973,opt -sroa -newgvn -simplifycfg -instcombine -jump-threading -early-cse-memssa -instsimplify -mem2reg -loop-rotate -loop-versioning -gvn -break-crit-edges input.bc -o output.bc
benchmark://cbench-v1/gsm,0.979457171314741,0.17000460624694824,opt -sroa -newgvn -simplifycfg -instcombine -jump-threading -early-cse-memssa -instsimplify -mem2reg -loop-versioning -gvn -break-crit-edges -loop-reduce input.bc -o output.bc
benchmark://cbench-v1/gsm,0.9823207171314741,0.15351128578186035,opt -sroa -newgvn -simplifycfg -instcombine -jump-threading -instsimplify -early-cse-memssa -instsimplify -mem2reg -loop-versioning -gvn -break-crit-edges input.bc -o output.bc
benchmark://cbench-v1/ispell,0.9907107670654468,0.21172857284545898,opt -mem2reg -newgvn -jump-threading -instcombine -simplifycfg -loop-versioning -gvn-hoist -early-cse-memssa -instsimplify -gvn -sroa -early-cse-memssa input.bc -o output.bc
benchmark://cbench-v1/ispell,0.9473610133708655,0.24539852142333984,opt -mem2reg -newgvn -jump-threading -instcombine -simplifycfg -loop-versioning -gvn-hoist -early-cse-memssa -instsimplify -gvn -sroa -loop-reduce input.bc -o output.bc
benchmark://cbench-v1/ispell,0.8616467276565798,0.2120676040649414,opt -mem2reg -newgvn -jump-threading -instcombine -simplifycfg -loop-versioning -gvn-hoist -reg2mem -sroa -gvn-hoist -early-cse-memssa -gvn input.bc -o output.bc
benchmark://cbench-v1/ispell,0.9473610133708655,0.20882582664489746,opt -mem2reg -newgvn -jump-threading -instcombine -simplifycfg -loop-versioning -gvn-hoist -early-cse-memssa -instsimplify -gvn -sroa -loop-reduce input.bc -o output.bc
benchmark://cbench-v1/ispell,0.9938071780436311,0.22043228149414062,opt -mem2reg -newgvn -jump-threading -instcombine -simplifycfg -instcombine -loop-versioning -gvn-hoist -early-cse-memssa -gvn-hoist -instsimplify -gvn input.bc -o output.bc
benchmark://cbench-v1/ispell,0.9473610133708655,0.22860050201416016,opt -mem2reg -newgvn -jump-threading -instcombine -simplifycfg -loop-versioning -gvn-hoist -early-cse-memssa -instsimplify -gvn -sroa -loop-reduce input.bc -o output.bc
benchmark://cbench-v1/ispell,0.9510204081632653,0.2133009433746338,opt -mem2reg -newgvn -jump-threading -instcombine -simplifycfg -loop-versioning -gvn-hoist -early-cse-memssa -loop-reduce -instsimplify -gvn -sroa input.bc -o output.bc
benchmark://cbench-v1/ispell,0.9473610133708655,0.2094402313232422,opt -mem2reg -newgvn -jump-threading -instcombine -simplifycfg -loop-versioning -gvn-hoist -early-cse-memssa -instsimplify -gvn -sroa -loop-reduce input.bc -o output.bc
benchmark://cbench-v1/ispell,0.9473610133708655,0.21306443214416504,opt -mem2reg -newgvn -jump-threading -instcombine -simplifycfg -loop-versioning -gvn-hoist -early-cse-memssa -instsimplify -gvn -sroa -loop-reduce input.bc -o output.bc
benchmark://cbench-v1/ispell,0.9473610133708655,0.22449207305908203,opt -mem2reg -newgvn -jump-threading -instcombine -simplifycfg -loop-versioning -gvn-hoist -early-cse-memssa -instsimplify -gvn -sroa -loop-reduce input.bc -o output.bc
benchmark://cbench-v1/jpeg-c,0.9826084260780605,0.5610005855560303,opt -sroa -newgvn -simplifycfg -instcombine -early-cse-memssa -gvn-hoist -loop-versioning -instsimplify -jump-threading -mem2reg -gvn -break-crit-edges input.bc -o output.bc
benchmark://cbench-v1/jpeg-c,1.0256068450258857,0.5609190464019775,opt -sroa -newgvn -simplifycfg -instcombine -early-cse-memssa -gvn-hoist -instsimplify -loop-versioning -jump-threading -instsimplify -mem2reg -gvn input.bc -o output.bc
benchmark://cbench-v1/jpeg-c,0.9826084260780605,0.5263817310333252,opt -sroa -newgvn -simplifycfg -instcombine -early-cse-memssa -gvn-hoist -loop-versioning -instsimplify -jump-threading -mem2reg -gvn -break-crit-edges input.bc -o output.bc
benchmark://cbench-v1/jpeg-c,0.9826084260780605,0.5260417461395264,opt -sroa -newgvn -simplifycfg -instcombine -early-cse-memssa -gvn-hoist -loop-versioning -instsimplify -jump-threading -mem2reg -gvn -break-crit-edges input.bc -o output.bc
benchmark://cbench-v1/jpeg-c,0.9826084260780605,0.5352888107299805,opt -sroa -newgvn -simplifycfg -instcombine -early-cse-memssa -gvn-hoist -loop-versioning -instsimplify -jump-threading -mem2reg -gvn -break-crit-edges input.bc -o output.bc
benchmark://cbench-v1/jpeg-c,0.9826084260780605,0.5286414623260498,opt -sroa -newgvn -simplifycfg -instcombine -early-cse-memssa -gvn-hoist -loop-versioning -instsimplify -jump-threading -mem2reg -gvn -break-crit-edges input.bc -o output.bc
benchmark://cbench-v1/jpeg-c,0.9936447902780788,0.6217951774597168,opt -loop-rotate -sroa -newgvn -simplifycfg -instcombine -early-cse-memssa -gvn-hoist -instsimplify -loop-versioning -jump-threading -mem2reg -gvn input.bc -o output.bc
benchmark://cbench-v1/jpeg-c,0.9826084260780605,0.5335133075714111,opt -sroa -newgvn -simplifycfg -instcombine -early-cse-memssa -gvn-hoist -loop-versioning -instsimplify -jump-threading -mem2reg -gvn -break-crit-edges input.bc -o output.bc
benchmark://cbench-v1/jpeg-c,0.9826084260780605,0.5328989028930664,opt -sroa -newgvn -simplifycfg -instcombine -early-cse-memssa -gvn-hoist -loop-versioning -instsimplify -jump-threading -mem2reg -gvn -break-crit-edges input.bc -o output.bc
benchmark://cbench-v1/jpeg-c,0.9826084260780605,0.5338129997253418,opt -sroa -newgvn -simplifycfg -instcombine -early-cse-memssa -gvn-hoist -loop-versioning -instsimplify -jump-threading -mem2reg -gvn -break-crit-edges input.bc -o output.bc
benchmark://cbench-v1/jpeg-d,0.9858334138253004,0.5237603187561035,opt -sroa -newgvn -simplifycfg -instcombine -early-cse-memssa -gvn-hoist -instsimplify -loop-versioning -jump-threading -mem2reg -gvn -break-crit-edges input.bc -o output.bc
benchmark://cbench-v1/jpeg-d,0.9858334138253004,0.5152347087860107,opt -sroa -newgvn -simplifycfg -instcombine -early-cse-memssa -gvn-hoist -instsimplify -loop-versioning -jump-threading -mem2reg -gvn -break-crit-edges input.bc -o output.bc
benchmark://cbench-v1/jpeg-d,0.9858334138253004,0.5197663307189941,opt -sroa -newgvn -simplifycfg -instcombine -early-cse-memssa -gvn-hoist -instsimplify -loop-versioning -jump-threading -mem2reg -gvn -break-crit-edges input.bc -o output.bc
benchmark://cbench-v1/jpeg-d,0.9858334138253004,0.5050766468048096,opt -sroa -newgvn -simplifycfg -instcombine -early-cse-memssa -gvn-hoist -instsimplify -loop-versioning -jump-threading -mem2reg -gvn -break-crit-edges input.bc -o output.bc
benchmark://cbench-v1/jpeg-d,1.0282687787758782,0.6105823516845703,opt -gvn-hoist -sroa -newgvn -simplifycfg -instcombine -early-cse-memssa -gvn-hoist -instsimplify -loop-versioning -jump-threading -mem2reg -gvn input.bc -o output.bc
benchmark://cbench-v1/jpeg-d,1.0315206542387072,0.45914340019226074,opt -sroa -break-crit-edges -jump-threading -newgvn -instcombine -simplifycfg -early-cse-memssa -gvn-hoist -loop-versioning -instsimplify -jump-threading -mem2reg input.bc -o output.bc
benchmark://cbench-v1/jpeg-d,0.9612672655269003,0.6103646755218506,opt -sroa -newgvn -simplifycfg -loop-reduce -instcombine -early-cse-memssa -gvn-hoist -jump-threading -reg2mem -mem2reg -loop-versioning -gvn input.bc -o output.bc
benchmark://cbench-v1/jpeg-d,1.0281399916288354,0.5164823532104492,opt -sroa -break-crit-edges -newgvn -simplifycfg -instcombine -early-cse-memssa -gvn-hoist -instsimplify -loop-versioning -jump-threading -mem2reg -gvn input.bc -o output.bc
benchmark://cbench-v1/jpeg-d,0.9858334138253004,0.506894588470459,opt -sroa -newgvn -simplifycfg -instcombine -early-cse-memssa -gvn-hoist -instsimplify -loop-versioning -jump-threading -mem2reg -gvn -break-crit-edges input.bc -o output.bc
benchmark://cbench-v1/jpeg-d,1.0309733088637754,0.5198884010314941,opt -sroa -newgvn -simplifycfg -gvn -instcombine -early-cse-memssa -gvn-hoist -loop-versioning -jump-threading -mem2reg -instsimplify -mem2reg input.bc -o output.bc
benchmark://cbench-v1/lame,1.0144993547407573,0.4565446376800537,opt -sroa -newgvn -instcombine -simplifycfg -gvn-hoist -early-cse-memssa -loop-versioning -instsimplify -mem2reg -jump-threading -gvn -break-crit-edges input.bc -o output.bc
benchmark://cbench-v1/lame,1.0144993547407573,0.4487290382385254,opt -sroa -newgvn -instcombine -simplifycfg -gvn-hoist -early-cse-memssa -loop-versioning -instsimplify -mem2reg -jump-threading -gvn -break-crit-edges input.bc -o output.bc
benchmark://cbench-v1/lame,1.0144993547407573,0.43047618865966797,opt -sroa -newgvn -instcombine -simplifycfg -gvn-hoist -early-cse-memssa -loop-versioning -instsimplify -mem2reg -jump-threading -gvn -break-crit-edges input.bc -o output.bc
benchmark://cbench-v1/lame,0.9925605404995065,0.5616774559020996,opt -loop-rotate -sroa -newgvn -simplifycfg -instcombine -gvn-hoist -early-cse-memssa -loop-versioning -instsimplify -mem2reg -gvn -instcombine input.bc -o output.bc
benchmark://cbench-v1/lame,1.0144993547407573,0.43621063232421875,opt -sroa -newgvn -instcombine -simplifycfg -gvn-hoist -early-cse-memssa -loop-versioning -instsimplify -mem2reg -jump-threading -gvn -break-crit-edges input.bc -o output.bc
benchmark://cbench-v1/lame,0.5946633265011765,0.5050618648529053,opt -sroa -newgvn -instcombine -simplifycfg -gvn-hoist -early-cse-memssa -loop-versioning -instsimplify -mem2reg -jump-threading -reg2mem -gvn input.bc -o output.bc
benchmark://cbench-v1/lame,1.0480528353450238,0.5170321464538574,opt -sroa -newgvn -instcombine -simplifycfg -gvn-hoist -early-cse-memssa -loop-versioning -gvn -instsimplify -mem2reg -jump-threading -gvn input.bc -o output.bc
benchmark://cbench-v1/lame,1.048584225309345,0.4730222225189209,opt -sroa -newgvn -instcombine -simplifycfg -gvn-hoist -instcombine -early-cse-memssa -instsimplify -loop-versioning -mem2reg -jump-threading -gvn input.bc -o output.bc
benchmark://cbench-v1/lame,0.9958627495635014,0.5192396640777588,opt -sroa -newgvn -instcombine -loop-rotate -simplifycfg -gvn-hoist -early-cse-memssa -loop-versioning -instsimplify -mem2reg -gvn -jump-threading input.bc -o output.bc
benchmark://cbench-v1/lame,1.0472937068245651,0.4424901008605957,opt -early-cse-memssa -mem2reg -newgvn -instcombine -simplifycfg -gvn-hoist -early-cse-memssa -loop-versioning -instsimplify -jump-threading -sroa -gvn input.bc -o output.bc
benchmark://cbench-v1/patricia,0.9443826473859844,0.04022336006164551,opt -sroa -simplifycfg -instcombine -jump-threading -loop-reduce -loop-rotate -mem2reg -loop-versioning -instsimplify -gvn-hoist -gvn -newgvn input.bc -o output.bc
benchmark://cbench-v1/patricia,0.946607341490545,0.03602004051208496,opt -sroa -simplifycfg -instcombine -jump-threading -loop-reduce -loop-rotate -jump-threading -mem2reg -loop-versioning -instsimplify -gvn-hoist -gvn input.bc -o output.bc
benchmark://cbench-v1/patricia,0.9443826473859844,0.03804802894592285,opt -sroa -simplifycfg -instcombine -jump-threading -loop-reduce -loop-rotate -mem2reg -loop-versioning -instsimplify -gvn-hoist -gvn -newgvn input.bc -o output.bc
benchmark://cbench-v1/patricia,0.9443826473859844,0.03727912902832031,opt -sroa -simplifycfg -instcombine -jump-threading -loop-reduce -loop-rotate -mem2reg -loop-versioning -instsimplify -gvn-hoist -gvn -newgvn input.bc -o output.bc
benchmark://cbench-v1/patricia,0.9443826473859844,0.03767991065979004,opt -sroa -simplifycfg -instcombine -jump-threading -loop-reduce -loop-rotate -mem2reg -loop-versioning -instsimplify -gvn-hoist -gvn -newgvn input.bc -o output.bc
benchmark://cbench-v1/patricia,0.9154616240266963,0.03656506538391113,opt -newgvn -break-crit-edges -sroa -simplifycfg -instcombine -jump-threading -loop-reduce -reg2mem -mem2reg -loop-rotate -jump-threading -loop-versioning input.bc -o output.bc
benchmark://cbench-v1/patricia,0.7230255839822024,0.03801918029785156,opt -sroa -simplifycfg -instcombine -jump-threading -loop-reduce -loop-rotate -mem2reg -loop-versioning -reg2mem -gvn -instsimplify -newgvn input.bc -o output.bc
benchmark://cbench-v1/patricia,0.9443826473859844,0.03968381881713867,opt -sroa -simplifycfg -instcombine -jump-threading -loop-reduce -loop-rotate -mem2reg -loop-versioning -instsimplify -gvn-hoist -gvn -newgvn input.bc -o output.bc
benchmark://cbench-v1/patricia,0.9421579532814238,0.037850379943847656,opt -sroa -simplifycfg -instcombine -jump-threading -loop-reduce -loop-rotate -mem2reg -loop-versioning -instsimplify -instcombine -gvn-hoist -gvn input.bc -o output.bc
benchmark://cbench-v1/patricia,0.9443826473859844,0.03909564018249512,opt -sroa -simplifycfg -instcombine -jump-threading -loop-reduce -loop-rotate -mem2reg -loop-versioning -instsimplify -gvn-hoist -gvn -newgvn input.bc -o output.bc
benchmark://cbench-v1/qsort,1.0619195046439631,0.034447669982910156,opt -sroa -jump-threading -simplifycfg -newgvn -instcombine -gvn-hoist -loop-versioning -early-cse-memssa -mem2reg -instsimplify -gvn -break-crit-edges input.bc -o output.bc
benchmark://cbench-v1/qsort,1.0619195046439631,0.03275036811828613,opt -sroa -jump-threading -simplifycfg -newgvn -instcombine -gvn-hoist -loop-versioning -early-cse-memssa -mem2reg -instsimplify -gvn -break-crit-edges input.bc -o output.bc
benchmark://cbench-v1/qsort,1.1300309597523222,0.03509855270385742,opt -sroa -jump-threading -simplifycfg -newgvn -instcombine -instsimplify -gvn-hoist -loop-versioning -early-cse-memssa -mem2reg -instsimplify -gvn input.bc -o output.bc
benchmark://cbench-v1/qsort,1.1300309597523222,0.03129005432128906,opt -early-cse-memssa -mem2reg -jump-threading -newgvn -simplifycfg -loop-versioning -instcombine -simplifycfg -gvn-hoist -loop-versioning -early-cse-memssa -sroa input.bc -o output.bc
benchmark://cbench-v1/qsort,1.0619195046439631,0.024044275283813477,opt -sroa -jump-threading -simplifycfg -newgvn -instcombine -gvn-hoist -loop-versioning -early-cse-memssa -mem2reg -instsimplify -gvn -break-crit-edges input.bc -o output.bc
benchmark://cbench-v1/qsort,1.1300309597523222,0.024771928787231445,opt -sroa -mem2reg -jump-threading -simplifycfg -newgvn -instcombine -gvn-hoist -loop-versioning -early-cse-memssa -mem2reg -instsimplify -gvn input.bc -o output.bc
benchmark://cbench-v1/qsort,1.1300309597523222,0.02407360076904297,opt -sroa -loop-versioning -jump-threading -simplifycfg -newgvn -instcombine -gvn-hoist -loop-versioning -early-cse-memssa -mem2reg -instsimplify -gvn input.bc -o output.bc
benchmark://cbench-v1/qsort,1.0619195046439631,0.02450108528137207,opt -sroa -jump-threading -simplifycfg -newgvn -instcombine -gvn-hoist -loop-versioning -early-cse-memssa -mem2reg -instsimplify -gvn -break-crit-edges input.bc -o output.bc
benchmark://cbench-v1/qsort,1.1300309597523222,0.024691343307495117,opt -sroa -jump-threading -simplifycfg -newgvn -instcombine -gvn-hoist -loop-versioning -early-cse-memssa -mem2reg -newgvn -instsimplify -gvn input.bc -o output.bc
benchmark://cbench-v1/qsort,1.1300309597523222,0.02551746368408203,opt -sroa -jump-threading -simplifycfg -newgvn -jump-threading -instcombine -gvn-hoist -loop-versioning -early-cse-memssa -mem2reg -instsimplify -gvn input.bc -o output.bc
benchmark://cbench-v1/rijndael,1.0785741663472597,0.11029171943664551,opt -newgvn -sroa -instcombine -simplifycfg -loop-versioning -early-cse-memssa -gvn-hoist -mem2reg -gvn -instsimplify -jump-threading -loop-reduce input.bc -o output.bc
benchmark://cbench-v1/rijndael,1.0785741663472597,0.11544489860534668,opt -newgvn -sroa -instcombine -simplifycfg -loop-versioning -early-cse-memssa -gvn-hoist -mem2reg -gvn -instsimplify -jump-threading -loop-reduce input.bc -o output.bc
benchmark://cbench-v1/rijndael,1.1015714833269454,0.09792375564575195,opt -sroa -newgvn -instcombine -sroa -simplifycfg -loop-versioning -early-cse-memssa -loop-versioning -gvn-hoist -gvn -mem2reg -instsimplify input.bc -o output.bc
benchmark://cbench-v1/rijndael,1.1031046377922575,0.10637974739074707,opt -newgvn -sroa -instcombine -simplifycfg -loop-versioning -early-cse-memssa -gvn-hoist -mem2reg -jump-threading -gvn -instsimplify -jump-threading input.bc -o output.bc
benchmark://cbench-v1/rijndael,1.0785741663472597,0.11018967628479004,opt -newgvn -sroa -instcombine -simplifycfg -loop-versioning -early-cse-memssa -gvn-hoist -mem2reg -gvn -instsimplify -jump-threading -loop-reduce input.bc -o output.bc
benchmark://cbench-v1/rijndael,1.0785741663472597,0.11093592643737793,opt -newgvn -sroa -instcombine -simplifycfg -loop-versioning -early-cse-memssa -gvn-hoist -mem2reg -gvn -instsimplify -jump-threading -loop-reduce input.bc -o output.bc
benchmark://cbench-v1/rijndael,1.0827903411268684,0.1021735668182373,opt -newgvn -mem2reg -instcombine -sroa -simplifycfg -loop-versioning -early-cse-memssa -gvn-hoist -mem2reg -gvn -instsimplify -loop-rotate input.bc -o output.bc
benchmark://cbench-v1/rijndael,1.1019547719432734,0.13965201377868652,opt -newgvn -sroa -instcombine -simplifycfg -loop-versioning -early-cse-memssa -gvn-hoist -gvn -mem2reg -gvn -instsimplify -jump-threading input.bc -o output.bc
benchmark://cbench-v1/rijndael,1.1015714833269454,0.10282278060913086,opt -newgvn -loop-reduce -sroa -mem2reg -instcombine -simplifycfg -loop-versioning -early-cse-memssa -gvn-hoist -mem2reg -gvn -instsimplify input.bc -o output.bc
benchmark://cbench-v1/rijndael,1.0785741663472597,0.10823488235473633,opt -newgvn -sroa -instcombine -simplifycfg -loop-versioning -early-cse-memssa -gvn-hoist -mem2reg -gvn -instsimplify -jump-threading -loop-reduce input.bc -o output.bc
benchmark://cbench-v1/sha,1.3110367892976589,0.03525567054748535,opt -sroa -newgvn -simplifycfg -instcombine -early-cse-memssa -instsimplify -gvn -gvn-hoist -jump-threading -mem2reg -loop-versioning -loop-rotate input.bc -o output.bc
benchmark://cbench-v1/sha,1.4581939799331103,0.034841299057006836,opt -gvn-hoist -sroa -newgvn -simplifycfg -instcombine -early-cse-memssa -instsimplify -gvn -gvn-hoist -jump-threading -mem2reg -sroa input.bc -o output.bc
benchmark://cbench-v1/sha,1.4046822742474916,0.03412747383117676,opt -sroa -newgvn -simplifycfg -instcombine -early-cse-memssa -instsimplify -gvn -gvn-hoist -jump-threading -mem2reg -loop-rotate -early-cse-memssa input.bc -o output.bc
benchmark://cbench-v1/sha,1.4581939799331103,0.03303074836730957,opt -jump-threading -sroa -newgvn -simplifycfg -instcombine -early-cse-memssa -instsimplify -gvn -gvn-hoist -jump-threading -mem2reg -loop-versioning input.bc -o output.bc
benchmark://cbench-v1/sha,1.418060200668896,0.03362846374511719,opt -sroa -newgvn -simplifycfg -loop-rotate -instcombine -loop-rotate -instsimplify -early-cse-memssa -loop-versioning -gvn-hoist -gvn -jump-threading input.bc -o output.bc
benchmark://cbench-v1/sha,1.3110367892976589,0.03400087356567383,opt -sroa -newgvn -simplifycfg -instcombine -early-cse-memssa -instsimplify -gvn -gvn-hoist -jump-threading -mem2reg -loop-versioning -loop-rotate input.bc -o output.bc
benchmark://cbench-v1/sha,1.3913043478260867,0.03671693801879883,opt -sroa -newgvn -simplifycfg -loop-rotate -gvn-hoist -instcombine -loop-rotate -instsimplify -early-cse-memssa -loop-versioning -gvn-hoist -gvn input.bc -o output.bc
benchmark://cbench-v1/sha,1.4581939799331103,0.03488421440124512,opt -sroa -newgvn -simplifycfg -instcombine -instcombine -early-cse-memssa -instsimplify -gvn -gvn-hoist -jump-threading -mem2reg -loop-versioning input.bc -o output.bc
benchmark://cbench-v1/sha,1.4581939799331103,0.03415656089782715,opt -jump-threading -sroa -newgvn -simplifycfg -instcombine -early-cse-memssa -instsimplify -gvn -gvn-hoist -jump-threading -mem2reg -loop-versioning input.bc -o output.bc
benchmark://cbench-v1/sha,1.4581939799331103,0.03180837631225586,opt -jump-threading -sroa -newgvn -simplifycfg -instcombine -early-cse-memssa -instsimplify -gvn -gvn-hoist -jump-threading -mem2reg -loop-versioning input.bc -o output.bc
benchmark://cbench-v1/stringsearch,0.9139344262295083,0.033655643463134766,opt -mem2reg -newgvn -jump-threading -simplifycfg -instcombine -gvn-hoist -loop-versioning -instsimplify -early-cse-memssa -sroa -gvn -break-crit-edges input.bc -o output.bc
benchmark://cbench-v1/stringsearch,0.98224043715847,0.03329014778137207,opt -mem2reg -newgvn -jump-threading -simplifycfg -instcombine -gvn-hoist -loop-versioning -instsimplify -early-cse-memssa -sroa -sroa -gvn input.bc -o output.bc
benchmark://cbench-v1/stringsearch,0.9139344262295083,0.03927183151245117,opt -mem2reg -newgvn -jump-threading -simplifycfg -instcombine -gvn-hoist -loop-versioning -instsimplify -early-cse-memssa -sroa -gvn -break-crit-edges input.bc -o output.bc
benchmark://cbench-v1/stringsearch,0.98224043715847,0.040250301361083984,opt -mem2reg -newgvn -jump-threading -simplifycfg -gvn -instcombine -gvn-hoist -loop-versioning -instsimplify -early-cse-memssa -sroa -gvn input.bc -o output.bc
benchmark://cbench-v1/stringsearch,0.98224043715847,0.0406191349029541,opt -mem2reg -newgvn -newgvn -jump-threading -simplifycfg -instcombine -gvn-hoist -loop-versioning -instsimplify -early-cse-memssa -sroa -gvn input.bc -o output.bc
benchmark://cbench-v1/stringsearch,0.98224043715847,0.0410761833190918,opt -mem2reg -newgvn -jump-threading -simplifycfg -instcombine -gvn-hoist -loop-versioning -newgvn -instsimplify -early-cse-memssa -sroa -gvn input.bc -o output.bc
benchmark://cbench-v1/stringsearch,0.9139344262295082,0.04011988639831543,opt -mem2reg -newgvn -jump-threading -simplifycfg -instcombine -newgvn -gvn-hoist -reg2mem -sroa -early-cse-memssa -loop-versioning -instsimplify input.bc -o output.bc
benchmark://cbench-v1/stringsearch,0.98224043715847,0.038901567459106445,opt -mem2reg -newgvn -jump-threading -simplifycfg -jump-threading -instcombine -gvn-hoist -loop-versioning -instsimplify -early-cse-memssa -sroa -gvn input.bc -o output.bc
benchmark://cbench-v1/stringsearch,0.98224043715847,0.04060649871826172,opt -mem2reg -early-cse-memssa -newgvn -jump-threading -simplifycfg -instcombine -gvn-hoist -loop-versioning -instsimplify -early-cse-memssa -sroa -gvn input.bc -o output.bc
benchmark://cbench-v1/stringsearch,0.9139344262295083,0.043070316314697266,opt -mem2reg -newgvn -jump-threading -simplifycfg -instcombine -gvn-hoist -loop-versioning -instsimplify -early-cse-memssa -sroa -gvn -break-crit-edges input.bc -o output.bc
benchmark://cbench-v1/stringsearch2,0.9738805970149254,0.03242015838623047,opt -mem2reg -newgvn -simplifycfg -instcombine -gvn-hoist -loop-versioning -early-cse-memssa -gvn -gvn-hoist -sroa -instsimplify -jump-threading input.bc -o output.bc
benchmark://cbench-v1/stringsearch2,0.9253731343283582,0.033270835876464844,opt -mem2reg -newgvn -simplifycfg -instcombine -gvn-hoist -loop-versioning -early-cse-memssa -gvn -sroa -instsimplify -jump-threading -loop-reduce input.bc -o output.bc
benchmark://cbench-v1/stringsearch2,0.9738805970149254,0.03247380256652832,opt -mem2reg -newgvn -mem2reg -simplifycfg -instcombine -gvn-hoist -loop-versioning -early-cse-memssa -gvn -gvn-hoist -sroa -instsimplify input.bc -o output.bc
benchmark://cbench-v1/stringsearch2,0.9253731343283582,0.03429055213928223,opt -mem2reg -newgvn -simplifycfg -instcombine -gvn-hoist -loop-versioning -early-cse-memssa -gvn -sroa -instsimplify -jump-threading -loop-reduce input.bc -o output.bc
benchmark://cbench-v1/stringsearch2,0.9738805970149254,0.03146934509277344,opt -mem2reg -newgvn -simplifycfg -instcombine -gvn-hoist -loop-versioning -mem2reg -early-cse-memssa -gvn -sroa -instsimplify -jump-threading input.bc -o output.bc
benchmark://cbench-v1/stringsearch2,0.9253731343283582,0.03200864791870117,opt -mem2reg -newgvn -simplifycfg -instcombine -gvn-hoist -loop-versioning -early-cse-memssa -gvn -sroa -instsimplify -jump-threading -loop-reduce input.bc -o output.bc
benchmark://cbench-v1/stringsearch2,0.9253731343283582,0.03221869468688965,opt -mem2reg -newgvn -simplifycfg -instcombine -gvn-hoist -loop-versioning -early-cse-memssa -gvn -sroa -instsimplify -jump-threading -loop-reduce input.bc -o output.bc
benchmark://cbench-v1/stringsearch2,0.9253731343283582,0.03275179862976074,opt -mem2reg -newgvn -simplifycfg -instcombine -gvn-hoist -loop-versioning -early-cse-memssa -gvn -sroa -instsimplify -jump-threading -loop-reduce input.bc -o output.bc
benchmark://cbench-v1/stringsearch2,0.9738805970149254,0.03439927101135254,opt -mem2reg -newgvn -simplifycfg -instcombine -gvn-hoist -loop-versioning -simplifycfg -early-cse-memssa -gvn -sroa -instsimplify -jump-threading input.bc -o output.bc
benchmark://cbench-v1/stringsearch2,0.9253731343283582,0.03368353843688965,opt -mem2reg -newgvn -simplifycfg -instcombine -gvn-hoist -loop-versioning -early-cse-memssa -gvn -sroa -instsimplify -jump-threading -loop-reduce input.bc -o output.bc
benchmark://cbench-v1/susan,0.9601996416687997,0.12044167518615723,opt -sroa -newgvn -simplifycfg -instcombine -mem2reg -early-cse-memssa -instsimplify -jump-threading -gvn-hoist -loop-versioning -break-crit-edges -early-cse-memssa input.bc -o output.bc
benchmark://cbench-v1/susan,0.9589198873816228,0.1284942626953125,opt -sroa -newgvn -simplifycfg -instcombine -mem2reg -early-cse-memssa -instsimplify -break-crit-edges -jump-threading -gvn-hoist -loop-versioning -break-crit-edges input.bc -o output.bc
benchmark://cbench-v1/susan,0.9594317890964935,0.18329811096191406,opt -sroa -newgvn -simplifycfg -instcombine -mem2reg -early-cse-memssa -instsimplify -jump-threading -gvn-hoist -loop-versioning -break-crit-edges -gvn input.bc -o output.bc
benchmark://cbench-v1/susan,0.9594317890964935,0.18945050239562988,opt -sroa -newgvn -simplifycfg -instcombine -mem2reg -early-cse-memssa -instsimplify -jump-threading -gvn-hoist -loop-versioning -break-crit-edges -gvn input.bc -o output.bc
benchmark://cbench-v1/susan,0.9594317890964935,0.1831662654876709,opt -sroa -newgvn -simplifycfg -instcombine -mem2reg -early-cse-memssa -instsimplify -jump-threading -gvn-hoist -loop-versioning -break-crit-edges -gvn input.bc -o output.bc
benchmark://cbench-v1/susan,0.959175838239058,0.12813496589660645,opt -sroa -newgvn -simplifycfg -instcombine -simplifycfg -mem2reg -early-cse-memssa -instsimplify -jump-threading -gvn-hoist -loop-versioning -break-crit-edges input.bc -o output.bc
benchmark://cbench-v1/susan,0.9589198873816229,0.12937545776367188,opt -sroa -newgvn -simplifycfg -early-cse-memssa -instcombine -mem2reg -early-cse-memssa -instsimplify -jump-threading -gvn-hoist -loop-versioning -break-crit-edges input.bc -o output.bc
benchmark://cbench-v1/susan,0.9911696954184797,0.13946247100830078,opt -loop-versioning -sroa -newgvn -simplifycfg -instcombine -mem2reg -early-cse-memssa -instsimplify -jump-threading -gvn-hoist -newgvn -instcombine input.bc -o output.bc
benchmark://cbench-v1/susan,0.9594317890964935,0.16666626930236816,opt -sroa -newgvn -simplifycfg -instcombine -mem2reg -early-cse-memssa -instsimplify -jump-threading -gvn-hoist -loop-versioning -break-crit-edges -gvn input.bc -o output.bc
benchmark://cbench-v1/susan,0.9594317890964935,0.1712360382080078,opt -sroa -newgvn -simplifycfg -instcombine -mem2reg -early-cse-memssa -instsimplify -jump-threading -gvn-hoist -loop-versioning -break-crit-edges -gvn input.bc -o output.bc
benchmark://cbench-v1/tiff2bw,0.9745692897310073,0.5586040019989014,opt -mem2reg -newgvn -simplifycfg -instcombine -early-cse-memssa -gvn-hoist -instsimplify -jump-threading -loop-versioning -sroa -gvn -break-crit-edges input.bc -o output.bc
benchmark://cbench-v1/tiff2bw,0.9745692897310073,0.5274085998535156,opt -mem2reg -newgvn -simplifycfg -instcombine -early-cse-memssa -gvn-hoist -instsimplify -jump-threading -loop-versioning -sroa -gvn -break-crit-edges input.bc -o output.bc
benchmark://cbench-v1/tiff2bw,1.0365700777248468,0.6385505199432373,opt -mem2reg -gvn-hoist -newgvn -simplifycfg -instcombine -early-cse-memssa -gvn -gvn-hoist -instsimplify -jump-threading -gvn-hoist -gvn-hoist input.bc -o output.bc
benchmark://cbench-v1/tiff2bw,1.037644614778466,0.5313060283660889,opt -mem2reg -newgvn -simplifycfg -instcombine -early-cse-memssa -reg2mem -sroa -jump-threading -jump-threading -gvn-hoist -instsimplify -loop-versioning input.bc -o output.bc
benchmark://cbench-v1/tiff2bw,0.9745692897310073,0.5306634902954102,opt -mem2reg -newgvn -simplifycfg -instcombine -early-cse-memssa -gvn-hoist -instsimplify -jump-threading -loop-versioning -sroa -gvn -break-crit-edges input.bc -o output.bc
benchmark://cbench-v1/tiff2bw,0.9745692897310073,0.5395898818969727,opt -mem2reg -newgvn -simplifycfg -instcombine -early-cse-memssa -gvn-hoist -instsimplify -jump-threading -loop-versioning -sroa -gvn -break-crit-edges input.bc -o output.bc
benchmark://cbench-v1/tiff2bw,0.9745692897310073,0.5241968631744385,opt -mem2reg -newgvn -simplifycfg -instcombine -early-cse-memssa -gvn-hoist -instsimplify -jump-threading -loop-versioning -sroa -gvn -break-crit-edges input.bc -o output.bc
benchmark://cbench-v1/tiff2bw,0.9745692897310073,0.540579080581665,opt -mem2reg -newgvn -simplifycfg -instcombine -early-cse-memssa -gvn-hoist -instsimplify -jump-threading -loop-versioning -sroa -gvn -break-crit-edges input.bc -o output.bc
benchmark://cbench-v1/tiff2bw,0.9745692897310073,0.5382382869720459,opt -mem2reg -newgvn -simplifycfg -instcombine -early-cse-memssa -gvn-hoist -instsimplify -jump-threading -loop-versioning -sroa -gvn -break-crit-edges input.bc -o output.bc
benchmark://cbench-v1/tiff2bw,1.0363909882159104,0.6232280731201172,opt -mem2reg -gvn -simplifycfg -instcombine -newgvn -early-cse-memssa -gvn-hoist -instsimplify -jump-threading -loop-versioning -sroa -gvn input.bc -o output.bc
benchmark://cbench-v1/tiff2rgba,0.9753339077983624,0.539700984954834,opt -mem2reg -newgvn -simplifycfg -instcombine -early-cse-memssa -gvn-hoist -instsimplify -jump-threading -loop-versioning -sroa -gvn -break-crit-edges input.bc -o output.bc
benchmark://cbench-v1/tiff2rgba,1.0368016659485852,0.528745174407959,opt -mem2reg -newgvn -simplifycfg -instcombine -early-cse-memssa -gvn-hoist -instsimplify -jump-threading -loop-versioning -instsimplify -sroa -gvn input.bc -o output.bc
benchmark://cbench-v1/tiff2rgba,0.9753339077983624,0.5258491039276123,opt -mem2reg -newgvn -simplifycfg -instcombine -early-cse-memssa -gvn-hoist -instsimplify -jump-threading -loop-versioning -sroa -gvn -break-crit-edges input.bc -o output.bc
benchmark://cbench-v1/tiff2rgba,0.9753339077983624,0.5210692882537842,opt -mem2reg -newgvn -simplifycfg -instcombine -early-cse-memssa -gvn-hoist -instsimplify -jump-threading -loop-versioning -sroa -gvn -break-crit-edges input.bc -o output.bc
benchmark://cbench-v1/tiff2rgba,0.9753339077983624,0.5275514125823975,opt -mem2reg -newgvn -simplifycfg -instcombine -early-cse-memssa -gvn-hoist -instsimplify -jump-threading -loop-versioning -sroa -gvn -break-crit-edges input.bc -o output.bc
benchmark://cbench-v1/tiff2rgba,0.9753339077983624,0.5214798450469971,opt -mem2reg -newgvn -simplifycfg -instcombine -early-cse-memssa -gvn-hoist -instsimplify -jump-threading -loop-versioning -sroa -gvn -break-crit-edges input.bc -o output.bc
benchmark://cbench-v1/tiff2rgba,1.0368375700129253,0.5295705795288086,opt -mem2reg -newgvn -sroa -simplifycfg -instcombine -early-cse-memssa -gvn-hoist -instsimplify -jump-threading -loop-versioning -sroa -gvn input.bc -o output.bc
benchmark://cbench-v1/tiff2rgba,0.9753339077983624,0.5198736190795898,opt -mem2reg -newgvn -simplifycfg -instcombine -early-cse-memssa -gvn-hoist -instsimplify -jump-threading -loop-versioning -sroa -gvn -break-crit-edges input.bc -o output.bc
benchmark://cbench-v1/tiff2rgba,1.0422590837282777,0.49051904678344727,opt -mem2reg -newgvn -jump-threading -instcombine -simplifycfg -early-cse-memssa -gvn-hoist -instsimplify -jump-threading -loop-versioning -instsimplify -sroa input.bc -o output.bc
benchmark://cbench-v1/tiff2rgba,0.9758724687634639,0.58504319190979,opt -mem2reg -newgvn -simplifycfg -instcombine -early-cse-memssa -gvn-hoist -instsimplify -jump-threading -loop-versioning -reg2mem -sroa -gvn input.bc -o output.bc
benchmark://cbench-v1/tiffdither,1.035611303344867,0.5627312660217285,opt -mem2reg -newgvn -jump-threading -mem2reg -instcombine -simplifycfg -early-cse-memssa -gvn-hoist -instsimplify -loop-versioning -sroa -gvn input.bc -o output.bc
benchmark://cbench-v1/tiffdither,1.0368367935409457,0.5226187705993652,opt -simplifycfg -mem2reg -newgvn -instcombine -simplifycfg -early-cse-memssa -gvn-hoist -instsimplify -jump-threading -loop-versioning -sroa -gvn input.bc -o output.bc
benchmark://cbench-v1/tiffdither,1.036368223760092,0.562605619430542,opt -mem2reg -newgvn -jump-threading -gvn-hoist -instcombine -simplifycfg -early-cse-memssa -gvn-hoist -instsimplify -loop-versioning -sroa -gvn input.bc -o output.bc
benchmark://cbench-v1/tiffdither,0.9749855824682812,0.5225265026092529,opt -mem2reg -newgvn -jump-threading -instcombine -simplifycfg -early-cse-memssa -gvn-hoist -instsimplify -loop-versioning -sroa -gvn -break-crit-edges input.bc -o output.bc
benchmark://cbench-v1/tiffdither,0.9749855824682812,0.5338568687438965,opt -mem2reg -newgvn -jump-threading -instcombine -simplifycfg -early-cse-memssa -gvn-hoist -instsimplify -loop-versioning -sroa -gvn -break-crit-edges input.bc -o output.bc
benchmark://cbench-v1/tiffdither,1.035611303344867,0.5278522968292236,opt -mem2reg -newgvn -jump-threading -instcombine -simplifycfg -simplifycfg -early-cse-memssa -gvn-hoist -instsimplify -loop-versioning -sroa -gvn input.bc -o output.bc
benchmark://cbench-v1/tiffdither,0.9749855824682812,0.5351912975311279,opt -mem2reg -newgvn -jump-threading -instcombine -simplifycfg -early-cse-memssa -gvn-hoist -instsimplify -loop-versioning -sroa -gvn -break-crit-edges input.bc -o output.bc
benchmark://cbench-v1/tiffdither,0.9749855824682812,0.5399720668792725,opt -mem2reg -newgvn -jump-threading -instcombine -simplifycfg -early-cse-memssa -gvn-hoist -instsimplify -loop-versioning -sroa -gvn -break-crit-edges input.bc -o output.bc
benchmark://cbench-v1/tiffdither,0.9749855824682812,0.5325322151184082,opt -mem2reg -newgvn -jump-threading -instcombine -simplifycfg -early-cse-memssa -gvn-hoist -instsimplify -loop-versioning -sroa -gvn -break-crit-edges input.bc -o output.bc
benchmark://cbench-v1/tiffdither,0.9749855824682812,0.5333762168884277,opt -mem2reg -newgvn -jump-threading -instcombine -simplifycfg -early-cse-memssa -gvn-hoist -instsimplify -loop-versioning -sroa -gvn -break-crit-edges input.bc -o output.bc
benchmark://cbench-v1/tiffmedian,0.973259110003074,0.5681474208831787,opt -mem2reg -newgvn -simplifycfg -instcombine -early-cse-memssa -gvn-hoist -instsimplify -jump-threading -loop-versioning -gvn -sroa -break-crit-edges input.bc -o output.bc
benchmark://cbench-v1/tiffmedian,0.973259110003074,0.553847074508667,opt -mem2reg -newgvn -simplifycfg -instcombine -early-cse-memssa -gvn-hoist -instsimplify -jump-threading -loop-versioning -gvn -sroa -break-crit-edges input.bc -o output.bc
benchmark://cbench-v1/tiffmedian,0.973259110003074,0.5450332164764404,opt -mem2reg -newgvn -simplifycfg -instcombine -early-cse-memssa -gvn-hoist -instsimplify -jump-threading -loop-versioning -gvn -sroa -break-crit-edges input.bc -o output.bc
benchmark://cbench-v1/tiffmedian,0.973259110003074,0.5453853607177734,opt -mem2reg -newgvn -simplifycfg -instcombine -early-cse-memssa -gvn-hoist -instsimplify -jump-threading -loop-versioning -gvn -sroa -break-crit-edges input.bc -o output.bc
benchmark://cbench-v1/tiffmedian,1.039377070455244,0.5617644786834717,opt -loop-versioning -mem2reg -newgvn -reg2mem -sroa -jump-threading -instcombine -simplifycfg -early-cse-memssa -gvn-hoist -instsimplify -loop-versioning input.bc -o output.bc
benchmark://cbench-v1/tiffmedian,0.973259110003074,0.5439155101776123,opt -mem2reg -newgvn -simplifycfg -instcombine -early-cse-memssa -gvn-hoist -instsimplify -jump-threading -loop-versioning -gvn -sroa -break-crit-edges input.bc -o output.bc
benchmark://cbench-v1/tiffmedian,0.973259110003074,0.5511541366577148,opt -mem2reg -newgvn -simplifycfg -instcombine -early-cse-memssa -gvn-hoist -instsimplify -jump-threading -loop-versioning -gvn -sroa -break-crit-edges input.bc -o output.bc
benchmark://cbench-v1/tiffmedian,0.973259110003074,0.5430440902709961,opt -mem2reg -newgvn -simplifycfg -instcombine -early-cse-memssa -gvn-hoist -instsimplify -jump-threading -loop-versioning -gvn -sroa -break-crit-edges input.bc -o output.bc
benchmark://cbench-v1/tiffmedian,1.0346641166626822,0.615525484085083,opt -mem2reg -jump-threading -newgvn -instcombine -simplifycfg -early-cse-memssa -gvn-hoist -instsimplify -jump-threading -loop-versioning -gvn -gvn input.bc -o output.bc
benchmark://cbench-v1/tiffmedian,0.973259110003074,0.5596332550048828,opt -mem2reg -newgvn -simplifycfg -instcombine -early-cse-memssa -gvn-hoist -instsimplify -jump-threading -loop-versioning -gvn -sroa -break-crit-edges input.bc -o output.bc
benchmark://cbench-v1/adpcm,0.9888268156424581,0.022410869598388672,opt -break-crit-edges -sroa -jump-threading -newgvn -simplifycfg -instcombine -mem2reg -gvn-hoist -loop-versioning -loop-reduce -instsimplify -gvn input.bc -o output.bc
benchmark://cbench-v1/adpcm,0.9888268156424582,0.026640892028808594,opt -sroa -jump-threading -newgvn -simplifycfg -instcombine -mem2reg -gvn-hoist -loop-versioning -loop-reduce -instsimplify -gvn -early-cse-memssa input.bc -o output.bc
benchmark://cbench-v1/adpcm,0.9245810055865922,0.0342559814453125,opt -sroa -jump-threading -newgvn -simplifycfg -instcombine -mem2reg -gvn-hoist -loop-versioning -loop-rotate -loop-reduce -instsimplify -gvn input.bc -o output.bc
benchmark://cbench-v1/adpcm,0.9888268156424582,0.03221869468688965,opt -sroa -jump-threading -jump-threading -newgvn -simplifycfg -instcombine -mem2reg -gvn-hoist -loop-versioning -loop-reduce -instsimplify -gvn input.bc -o output.bc
benchmark://cbench-v1/adpcm,0.9888268156424582,0.03189682960510254,opt -sroa -jump-threading -newgvn -simplifycfg -instcombine -mem2reg -gvn-hoist -loop-versioning -loop-reduce -instsimplify -gvn -early-cse-memssa input.bc -o output.bc
benchmark://cbench-v1/adpcm,0.9916201117318436,0.031351566314697266,opt -sroa -instcombine -jump-threading -simplifycfg -newgvn -instcombine -mem2reg -gvn-hoist -loop-versioning -loop-reduce -instsimplify -gvn input.bc -o output.bc
benchmark://cbench-v1/adpcm,0.9888268156424582,0.03175711631774902,opt -sroa -jump-threading -newgvn -simplifycfg -instcombine -mem2reg -gvn-hoist -loop-versioning -loop-reduce -instsimplify -loop-reduce -gvn input.bc -o output.bc
benchmark://cbench-v1/adpcm,0.9888268156424582,0.031920671463012695,opt -sroa -jump-threading -newgvn -simplifycfg -instcombine -mem2reg -gvn-hoist -loop-versioning -loop-reduce -instsimplify -gvn -early-cse-memssa input.bc -o output.bc
benchmark://cbench-v1/adpcm,0.9888268156424582,0.03252434730529785,opt -sroa -jump-threading -newgvn -simplifycfg -instcombine -mem2reg -gvn-hoist -loop-versioning -loop-reduce -instsimplify -gvn -early-cse-memssa input.bc -o output.bc
benchmark://cbench-v1/adpcm,0.9860335195530727,0.03137063980102539,opt -sroa -mem2reg -jump-threading -newgvn -simplifycfg -instcombine -mem2reg -gvn-hoist -loop-versioning -loop-reduce -loop-reduce -instsimplify input.bc -o output.bc
benchmark://cbench-v1/bitcount,0.9867256637168142,0.03498530387878418,opt -sroa -newgvn -instcombine -instcombine -simplifycfg -jump-threading -loop-versioning -gvn-hoist -mem2reg -early-cse-memssa -loop-reduce -instsimplify input.bc -o output.bc
benchmark://cbench-v1/bitcount,0.9336283185840709,0.034630537033081055,opt -sroa -newgvn -instcombine -simplifycfg -jump-threading -loop-versioning -loop-rotate -early-cse-memssa -gvn-hoist -mem2reg -loop-reduce -gvn input.bc -o output.bc
benchmark://cbench-v1/bitcount,0.9557522123893806,0.03417658805847168,opt -sroa -newgvn -instcombine -simplifycfg -jump-threading -newgvn -break-crit-edges -early-cse-memssa -loop-versioning -gvn -loop-reduce -instsimplify input.bc -o output.bc
benchmark://cbench-v1/bitcount,0.9867256637168142,0.03488922119140625,opt -early-cse-memssa -sroa -newgvn -instcombine -simplifycfg -jump-threading -loop-versioning -gvn-hoist -mem2reg -early-cse-memssa -loop-reduce -instsimplify input.bc -o output.bc
benchmark://cbench-v1/bitcount,0.9845132743362833,0.03438544273376465,opt -sroa -newgvn -instcombine -simplifycfg -jump-threading -loop-versioning -gvn-hoist -mem2reg -early-cse-memssa -loop-reduce -instsimplify -gvn input.bc -o output.bc
benchmark://cbench-v1/bitcount,0.9823008849557522,0.03352546691894531,opt -sroa -newgvn -instcombine -simplifycfg -jump-threading -loop-versioning -gvn-hoist -mem2reg -gvn -early-cse-memssa -loop-reduce -instsimplify input.bc -o output.bc
benchmark://cbench-v1/bitcount,0.9845132743362833,0.03401589393615723,opt -sroa -newgvn -instcombine -simplifycfg -jump-threading -loop-versioning -gvn-hoist -mem2reg -early-cse-memssa -loop-reduce -instsimplify -gvn input.bc -o output.bc
benchmark://cbench-v1/bitcount,0.9845132743362833,0.03428459167480469,opt -sroa -newgvn -instcombine -simplifycfg -jump-threading -loop-versioning -gvn-hoist -mem2reg -early-cse-memssa -loop-reduce -instsimplify -gvn input.bc -o output.bc
benchmark://cbench-v1/bitcount,1.0,0.030668020248413086,opt -sroa -newgvn -instcombine -simplifycfg -jump-threading -loop-versioning -gvn-hoist -mem2reg -mem2reg -gvn-hoist input.bc -o output.bc
benchmark://cbench-v1/bitcount,0.9867256637168142,0.03248763084411621,opt -sroa -newgvn -instcombine -reg2mem -mem2reg -simplifycfg -jump-threading -early-cse-memssa -instsimplify -loop-versioning -gvn-hoist -loop-reduce input.bc -o output.bc
benchmark://cbench-v1/blowfish,0.9745547073791349,0.056459665298461914,opt -sroa -newgvn -instcombine -simplifycfg -jump-threading -loop-versioning -early-cse-memssa -mem2reg -break-crit-edges -instsimplify -instcombine -mem2reg input.bc -o output.bc
benchmark://cbench-v1/blowfish,0.9435114503816794,0.05468463897705078,opt -sroa -newgvn -instcombine -simplifycfg -jump-threading -loop-versioning -early-cse-memssa -mem2reg -break-crit-edges -instsimplify -gvn-hoist -loop-reduce input.bc -o output.bc
benchmark://cbench-v1/blowfish,0.9435114503816794,0.053179264068603516,opt -sroa -newgvn -instcombine -simplifycfg -jump-threading -loop-versioning -early-cse-memssa -mem2reg -break-crit-edges -instsimplify -gvn-hoist -loop-reduce input.bc -o output.bc
benchmark://cbench-v1/blowfish,0.9435114503816794,0.05101943016052246,opt -sroa -newgvn -instcombine -simplifycfg -jump-threading -loop-versioning -early-cse-memssa -mem2reg -break-crit-edges -instsimplify -gvn-hoist -loop-reduce input.bc -o output.bc
benchmark://cbench-v1/blowfish,0.966412213740458,0.05022239685058594,opt -sroa -newgvn -early-cse-memssa -instcombine -simplifycfg -jump-threading -loop-versioning -early-cse-memssa -mem2reg -break-crit-edges -instsimplify -gvn-hoist input.bc -o output.bc
benchmark://cbench-v1/blowfish,0.966412213740458,0.05077672004699707,opt -sroa -newgvn -instcombine -simplifycfg -jump-threading -loop-versioning -newgvn -early-cse-memssa -mem2reg -break-crit-edges -instsimplify -gvn-hoist input.bc -o output.bc
benchmark://cbench-v1/blowfish,0.9435114503816794,0.0518946647644043,opt -sroa -newgvn -instcombine -simplifycfg -jump-threading -loop-versioning -early-cse-memssa -mem2reg -break-crit-edges -instsimplify -gvn-hoist -loop-reduce input.bc -o output.bc
benchmark://cbench-v1/blowfish,0.9435114503816794,0.05567193031311035,opt -sroa -newgvn -instcombine -simplifycfg -jump-threading -loop-versioning -early-cse-memssa -mem2reg -break-crit-edges -instsimplify -gvn-hoist -loop-reduce input.bc -o output.bc
benchmark://cbench-v1/blowfish,0.966412213740458,0.05270957946777344,opt -simplifycfg -newgvn -sroa -instcombine -simplifycfg -newgvn -loop-versioning -jump-threading -early-cse-memssa -mem2reg -break-crit-edges -instsimplify input.bc -o output.bc
benchmark://cbench-v1/blowfish,0.9435114503816794,0.05179262161254883,opt -sroa -newgvn -instcombine -simplifycfg -jump-threading -loop-versioning -early-cse-memssa -mem2reg -break-crit-edges -instsimplify -gvn-hoist -loop-reduce input.bc -o output.bc
benchmark://cbench-v1/bzip2,1.1277925324168099,0.3418128490447998,opt -sroa -newgvn -jump-threading -loop-rotate -instcombine -simplifycfg -early-cse-memssa -instsimplify -mem2reg -gvn-hoist -loop-versioning -gvn input.bc -o output.bc
benchmark://cbench-v1/bzip2,1.1752851117012968,0.285200834274292,opt -sroa -newgvn -jump-threading -instcombine -simplifycfg -early-cse-memssa -newgvn -loop-versioning -instsimplify -mem2reg -mem2reg -gvn-hoist input.bc -o output.bc
benchmark://cbench-v1/bzip2,1.1665364786752073,0.3293282985687256,opt -sroa -newgvn -jump-threading -instcombine -simplifycfg -early-cse-memssa -loop-versioning -instsimplify -mem2reg -gvn-hoist -gvn -gvn input.bc -o output.bc
benchmark://cbench-v1/bzip2,-0.36369317294172765,0.28093385696411133,opt -sroa -newgvn -jump-threading -instcombine -simplifycfg -early-cse-memssa -loop-versioning -instsimplify -loop-reduce -mem2reg -reg2mem -break-crit-edges input.bc -o output.bc
benchmark://cbench-v1/bzip2,1.0995157006717704,0.29995250701904297,opt -sroa -newgvn -jump-threading -instcombine -simplifycfg -early-cse-memssa -loop-versioning -instsimplify -mem2reg -gvn-hoist -gvn -break-crit-edges input.bc -o output.bc
benchmark://cbench-v1/bzip2,1.1665364786752073,0.32462549209594727,opt -sroa -newgvn -jump-threading -instcombine -simplifycfg -early-cse-memssa -loop-versioning -instsimplify -instsimplify -mem2reg -gvn-hoist -gvn input.bc -o output.bc
benchmark://cbench-v1/bzip2,1.0995157006717704,0.31789088249206543,opt -sroa -newgvn -jump-threading -instcombine -simplifycfg -early-cse-memssa -loop-versioning -instsimplify -mem2reg -gvn-hoist -gvn -break-crit-edges input.bc -o output.bc
benchmark://cbench-v1/bzip2,1.1676300578034682,0.338958740234375,opt -sroa -newgvn -jump-threading -break-crit-edges -simplifycfg -instcombine -early-cse-memssa -loop-versioning -mem2reg -instsimplify -gvn-hoist -gvn input.bc -o output.bc
benchmark://cbench-v1/bzip2,1.1063115138259652,0.34989428520202637,opt -sroa -gvn-hoist -newgvn -jump-threading -instcombine -simplifycfg -early-cse-memssa -loop-versioning -instsimplify -mem2reg -gvn-hoist -break-crit-edges input.bc -o output.bc
benchmark://cbench-v1/bzip2,1.0995157006717704,0.3071935176849365,opt -sroa -newgvn -jump-threading -instcombine -simplifycfg -early-cse-memssa -loop-versioning -instsimplify -mem2reg -gvn-hoist -gvn -break-crit-edges input.bc -o output.bc
benchmark://cbench-v1/crc32,0.9921875,0.02706766128540039,opt -mem2reg -simplifycfg -newgvn -gvn -loop-versioning -gvn-hoist -early-cse-memssa -instsimplify -sroa input.bc -o output.bc
benchmark://cbench-v1/crc32,0.9921875,0.026473045349121094,opt -mem2reg -simplifycfg -newgvn -gvn -loop-versioning -gvn-hoist -early-cse-memssa -instsimplify -sroa input.bc -o output.bc
benchmark://cbench-v1/crc32,0.9921875,0.02793145179748535,opt -mem2reg -simplifycfg -newgvn -gvn -loop-versioning -gvn-hoist -early-cse-memssa -instsimplify -sroa input.bc -o output.bc
benchmark://cbench-v1/crc32,0.9921875,0.025628328323364258,opt -mem2reg -simplifycfg -newgvn -gvn -loop-versioning -gvn-hoist -early-cse-memssa -instsimplify -sroa input.bc -o output.bc
benchmark://cbench-v1/crc32,0.9921875,0.026464462280273438,opt -mem2reg -simplifycfg -newgvn -gvn -loop-versioning -gvn-hoist -early-cse-memssa -instsimplify -sroa input.bc -o output.bc
benchmark://cbench-v1/crc32,0.9921875,0.026369810104370117,opt -mem2reg -simplifycfg -newgvn -gvn -loop-versioning -gvn-hoist -early-cse-memssa -instsimplify -sroa input.bc -o output.bc
benchmark://cbench-v1/crc32,0.9921875,0.026476621627807617,opt -mem2reg -simplifycfg -newgvn -gvn -loop-versioning -gvn-hoist -early-cse-memssa -instsimplify -sroa input.bc -o output.bc
benchmark://cbench-v1/crc32,0.9921875,0.025934219360351562,opt -mem2reg -simplifycfg -newgvn -gvn -loop-versioning -gvn -gvn-hoist -early-cse-memssa -instsimplify input.bc -o output.bc
benchmark://cbench-v1/crc32,0.9921875,0.027042627334594727,opt -mem2reg -simplifycfg -newgvn -gvn -loop-versioning -gvn-hoist -early-cse-memssa -instsimplify -sroa input.bc -o output.bc
benchmark://cbench-v1/crc32,0.9921875,0.03043055534362793,opt -mem2reg -gvn -simplifycfg -newgvn -gvn -loop-versioning -gvn-hoist -early-cse-memssa -instsimplify input.bc -o output.bc
benchmark://cbench-v1/dijkstra,0.9591836734693878,0.033573150634765625,opt -mem2reg -newgvn -simplifycfg -instcombine -gvn-hoist -instsimplify -loop-versioning -sroa -early-cse-memssa -jump-threading -loop-reduce -gvn-hoist input.bc -o output.bc
benchmark://cbench-v1/dijkstra,0.8673469387755103,0.03294992446899414,opt -mem2reg -sroa -newgvn -simplifycfg -instcombine -gvn-hoist -instsimplify -loop-versioning -sroa -loop-rotate -jump-threading -early-cse-memssa input.bc -o output.bc
benchmark://cbench-v1/dijkstra,0.979591836734694,0.03023219108581543,opt -mem2reg -newgvn -simplifycfg -instcombine -gvn-hoist -instsimplify -jump-threading -loop-versioning -sroa -early-cse-memssa -simplifycfg input.bc -o output.bc
benchmark://cbench-v1/dijkstra,0.9387755102040817,0.032120466232299805,opt -mem2reg -newgvn -simplifycfg -instcombine -gvn-hoist -instsimplify -loop-versioning -sroa -early-cse-memssa -jump-threading -loop-reduce -gvn input.bc -o output.bc
benchmark://cbench-v1/dijkstra,0.9387755102040817,0.03267264366149902,opt -mem2reg -newgvn -simplifycfg -instcombine -gvn-hoist -instsimplify -loop-versioning -sroa -early-cse-memssa -jump-threading -loop-reduce -gvn input.bc -o output.bc
benchmark://cbench-v1/dijkstra,0.9387755102040817,0.032999277114868164,opt -mem2reg -newgvn -simplifycfg -instcombine -gvn-hoist -instsimplify -loop-versioning -sroa -early-cse-memssa -jump-threading -loop-reduce -gvn input.bc -o output.bc
benchmark://cbench-v1/dijkstra,0.9387755102040817,0.033902883529663086,opt -mem2reg -newgvn -simplifycfg -instcombine -gvn-hoist -instsimplify -loop-versioning -sroa -early-cse-memssa -jump-threading -loop-reduce -gvn input.bc -o output.bc
benchmark://cbench-v1/dijkstra,0.9591836734693878,0.03339338302612305,opt -mem2reg -newgvn -simplifycfg -instcombine -gvn-hoist -instsimplify -loop-versioning -sroa -loop-reduce -early-cse-memssa -jump-threading -loop-reduce input.bc -o output.bc
benchmark://cbench-v1/dijkstra,0.9540816326530611,0.035651206970214844,opt -mem2reg -early-cse-memssa -simplifycfg -instcombine -gvn-hoist -sroa -instsimplify -early-cse-memssa -newgvn -loop-versioning -jump-threading -loop-reduce input.bc -o output.bc
benchmark://cbench-v1/dijkstra,0.9489795918367347,0.031191349029541016,opt -mem2reg -newgvn -simplifycfg -reg2mem -sroa -instcombine -break-crit-edges -gvn-hoist -jump-threading -instsimplify -loop-versioning -early-cse-memssa input.bc -o output.bc
